{"_wandb":{"runtime":44},"_runtime":44,"train/learning_rate":5.637411915438821e-07,"train/epoch":0,"train/global_step":88,"_timestamp":1.7660457445330174e+09,"_step":87,"train/loss":2.2042}