{"train/global_step":95,"_wandb":{"runtime":79},"_runtime":79,"_timestamp":1.7660436513847163e+09,"_step":94,"train/loss":2.0577,"train/learning_rate":6.085842408712364e-07,"train/epoch":0}